Workbook

Sheet Day1_Overview
B2: Day 1 – Dataset Selection & Import
B3: Dataset: Perfume_Data.xlsx (eBay perfume listings — Men's & Women's)
B5: Key Observations
B6: 1. Structure: two sheets of equal size — "Mens perfume" and "Womens perfume" — each with 1,000 listings and 9 columns (Brand, Type, Price, Price with Currency, Available, Available Text, Sold, Last Updated, Item Location).
B8: 2. Data types: PRICE, Available, and sold are numeric; the remaining columns (Brand, TYPE, priceWithCurrency, availableText, last Updated, Item Location) are text. "last Updated" is stored as text rather than a true date/time.
B10: 3. Missing values: gaps exist in Available (~111 Mens / 131 Womens rows), sold (6 / 16 rows), last Updated (53 / 73 rows), and a handful in Brand and TYPE — Available and last Updated are the most incomplete columns.
B12: 4. Data quality issues: brand names aren't standardized (e.g. "Dolce&Gabbana" vs "Dolce & Gabbana", "As Show" vs "AS SHOWN"); Item Location mixes city/state/country inconsistently; availableText bundles two facts (stock + sold) into one string; the Womens sheet has 3 exact duplicate rows.
B15: Data Profile (live formulas — updates automatically if data changes)
B17: Column | C17: Sheet | D17: Data Type | E17: Missing Count | F17: Missing %
B18: Brand | C18: Mens perfume | D18: Text | E18: =COUNTBLANK('Mens perfume'!A2:A1001) -> 1 | F18: =E18/1000 -> 0.001
B19: TYPE | C19: Mens perfume | D19: Text | E19: =COUNTBLANK('Mens perfume'!B2:B1001) -> 2 | F19: =E19/1000 -> 0.002
B20: PRICE | C20: Mens perfume | D20: Numeric | E20: =COUNTBLANK('Mens perfume'!C2:C1001) -> 0 | F20: =E20/1000 -> 0
B21: priceWithCurrency | C21: Mens perfume | D21: Text | E21: =COUNTBLANK('Mens perfume'!D2:D1001) -> 0 | F21: =E21/1000 -> 0
B22: Available | C22: Mens perfume | D22: Numeric | E22: =COUNTBLANK('Mens perfume'!E2:E1001) -> 111 | F22: =E22/1000 -> 0.111
B23: availableText | C23: Mens perfume | D23: Text | E23: =COUNTBLANK('Mens perfume'!F2:F1001) -> 3 | F23: =E23/1000 -> 0.003
B24: sold | C24: Mens perfume | D24: Numeric | E24: =COUNTBLANK('Mens perfume'!G2:G1001) -> 6 | F24: =E24/1000 -> 0.006
B25: last Updated | C25: Mens perfume | D25: Text (date-like) | E25: =COUNTBLANK('Mens perfume'!H2:H1001) -> 53 | F25: =E25/1000 -> 0.053
B26: Item Location | C26: Mens perfume | D26: Text | E26: =COUNTBLANK('Mens perfume'!I2:I1001) -> 0 | F26: =E26/1000 -> 0
B27: brand | C27: Womens perfume | D27: Text | E27: =COUNTBLANK('Womens perfume'!A2:A1001) -> 1 | F27: =E27/1000 -> 0.001
B28: type | C28: Womens perfume | D28: Text | E28: =COUNTBLANK('Womens perfume'!B2:B1001) -> 2 | F28: =E28/1000 -> 0.002
B29: price | C29: Womens perfume | D29: Numeric | E29: =COUNTBLANK('Womens perfume'!C2:C1001) -> 0 | F29: =E29/1000 -> 0
B30: priceWithCurrency | C30: Womens perfume | D30: Text | E30: =COUNTBLANK('Womens perfume'!D2:D1001) -> 0 | F30: =E30/1000 -> 0
B31: available | C31: Womens perfume | D31: Numeric | E31: =COUNTBLANK('Womens perfume'!E2:E1001) -> 131 | F31: =E31/1000 -> 0.131
B32: availableText | C32: Womens perfume | D32: Text | E32: =COUNTBLANK('Womens perfume'!F2:F1001) -> 8 | F32: =E32/1000 -> 0.008
B33: sold | C33: Womens perfume | D33: Numeric | E33: =COUNTBLANK('Womens perfume'!G2:G1001) -> 16 | F33: =E33/1000 -> 0.016
B34: lastUpdated | C34: Womens perfume | D34: Text (date-like) | E34: =COUNTBLANK('Womens perfume'!H2:H1001) -> 73 | F34: =E34/1000 -> 0.073
B35: itemLocation | C35: Womens perfume | D35: Text | E35: =COUNTBLANK('Womens perfume'!I2:I1001) -> 0 | F35: =E35/1000 -> 0
B37: Summary Stats
B38: Total rows – Mens perfume | C38: =COUNTA('Mens perfume'!A2:A1001) -> 999
B39: Total rows – Womens perfume | C39: =COUNTA('Womens perfume'!A2:A1001) -> 999
B40: Duplicate rows – Mens perfume | C40: 0
B41: Duplicate rows – Womens perfume | C41: 3

Sheet Mens perfume
A1: Brand | B1: TYPE | C1: PRICE | D1: priceWithCurrency | E1: Available | F1: availableText | G1: sold | H1: last Updated | I1: Item Location
A2: Dior | B2: Eau de Parfum | C2: 84.99 | D2: US $84.99/ea | E2: 10 | F2: More than 10 available / 116 sold | G2: 116 | H2: May 24, 2024 10:03:04 PDT | I2: Allen Park, Michigan, United States
A3: AS SHOW | B3: Eau de Parfum | C3: 109.99 | D3: US $109.99 | E3: 8 | F3: 8 available / 48 sold | G3: 48 | H3: May 23, 2024 23:07:49 PDT | I3: Atlanta, Georgia, Canada
A4: Unbranded | B4: Eau de Toilette | C4: 100 | D4: US $100.00 | E4: 10 | F4: More than 10 available / 27 sold | G4: 27 | H4: May 22, 2024 21:55:43 PDT | I4: Dearborn, Michigan, United States
A5: Giorgio Armani | B5: Eau de Toilette | C5: 44.99 | D5: US $44.99/ea | E5: 2 | F5: 2 available / 159 sold | G5: 159 | H5: May 24, 2024 03:30:43 PDT | I5: Reinholds, Pennsylvania, United States
A6: Lattafa | B6: Fragrances | C6: 16.91 | D6: US $16.91 | F6: Limited quantity available / 156 sold | G6: 156 | H6: May 24, 2024 07:56:25 PDT | I6: Brooklyn, New York, United States
A7: Multiple Brands | B7: Perfume | C7: 14.99 | D7: US $14.99 | E7: 10 | F7: More than 10 available / 79 sold | G7: 79 | H7: May 23, 2024 06:57:41 PDT | I7: Houston, Texas, United States
A8: Maison Alhambra | B8: Eau de Parfum | C8: 30.99 | D8: US $30.99/ea | E8: 9 | F8: 9 available / 39 sold | G8: 39 | H8: May 16, 2024 13:42:49 PDT | I8: Englewood Cliffs, New Jersey, United States
A9: Unbranded | B9: Eau de Parfum | C9: 85 | D9: US $85.00 | F9: Last One / 6 sold | G9: 6 | H9: May 24, 2024 00:10:39 PDT | I9: Ithaca, New York, United States
A10: Unbranded | B10: / | C10: 15.89 | D10: US $15.89 | E10: 10 | F10: 10 available / 17 sold | G10: 17 | H10: May 24, 2024 09:08:14 PDT | I10: shanghai, China
A11: Gucci | B11: Eau de Parfum | C11: 49.99 | D11: US $49.99/ea | E11: 8 | F11: 8 available / 68 sold | G11: 68 | H11: May 23, 2024 07:21:23 PDT | I11: Dearborn Heights, Michigan, United States
A12: Ralph Lauren | B12: Eau de Toilette | C12: 34.99 | D12: US $34.99/ea | E12: 10 | F12: More than 10 available / 615 sold | G12: 615 | H12: May 24, 2024 07:53:23 PDT | I12: Ecorse, Michigan, United States
A13: Dolce&Gabbana | B13: Eau de Toilette | C13: 29.95 | D13: US $29.95/ea | E13: 7 | F13: 7 available / 458 sold | G13: 458 | H13: May 23, 2024 08:37:49 PDT | I13: Warren, Michigan, United States
A14: SECERTMU | B14: Perfume | C14: 15.99 | D14: US $15.99 | E14: 10 | F14: More than 10 available / 889 sold | G14: 889 | H14: May 21, 2024 19:20:12 PDT | I14: San Francisco, California, United States
A15: As Show | B15: Eau de Parfum | C15: 59.99 | D15: US $59.99/ea | E15: 9 | F15: 9 available / 63 sold | G15: 63 | H15: May 23, 2024 03:08:18 PDT | I15: Dayton,New Jersey, Hong Kong
A16: Versace | B16: Eau de Toilette | C16: 34.99 | D16: US $34.99/ea | E16: 7 | F16: 7 available / 136 sold | G16: 136 | H16: May 24, 2024 00:02:27 PDT | I16: Warren, Michigan, United States
A17: Paco Rabanne | B17: PARFUM | C17: 68.99 | D17: US $68.99/ea | E17: 2 | F17: 2 available / 20 sold | G17: 20 | H17: May 24, 2024 02:41:49 PDT | I17: San Jose, California, United States
A18: Grandeur | B18: Eau de Parfum | C18: 37.99 | D18: US $37.99 | E18: 10 | F18: More than 10 available / 44 sold | G18: 44 | H18: May 24, 2024 08:14:43 PDT | I18: Miami, Florida, United States
A19: Armaf | B19: Eau de Toilette | C19: 29.99 | D19: US $29.99/ea | E19: 5 | F19: 5 available / 384 sold | G19: 384 | H19: May 24, 2024 05:13:20 PDT | I19: Hamtramck, Michigan, United States
A20: Carolina Herrera | B20: Eau de Toilette | C20: 39.99 | D20: US $39.99/ea | E20: 10 | F20: More than 10 available / 236 sold | G20: 236 | H20: May 23, 2024 08:48:22 PDT | I20: Flat Lick, Kentucky, United States
A21: Dior | B21: Eau de Toilette | C21: 83.95 | D21: US $83.95 | E21: 4 | F21: 4 available / 22 sold | G21: 22 | H21: May 22, 2024 14:31:55 PDT | I21: Elmhurst, New York, United States
A22: Dolce & Gabbana | B22: Eau de Toilette | C22: 29.94 | D22: US $29.94/ea | F22: Limited quantity available / 9,208 sold | G22: 9208 | H22: May 23, 2024 20:04:11 PDT | I22: Hackensack, New Jersey, United States
A23: Clinique | B23: Eau de Toilette | C23: 21.99 | D23: US $21.99/ea | E23: 4 | F23: 4 available / 86 sold | G23: 86 | H23: May 21, 2024 14:28:23 PDT | I23: Miami, Florida, United States
A24: Dumont | B24: Fragrances | C24: 49.99 | D24: US $49.99 | E24: 3 | F24: 3 available / 187 sold | G24: 187 | H24: May 24, 2024 09:02:39 PDT | I24: Brooklyn, New York, United States
A25: Afnan | B25: Eau de Parfum | C25: 33.7 | D25: US $33.70 | E25: 10 | F25: More than 10 available / 131 sold | G25: 131 | H25: May 21, 2024 14:00:54 PDT | I25: Dallas, Texas, United States
A26: Versace | B26: Eau de Toilette | C26: 35.99 | D26: US $35.99 | E26: 2 | F26: 2 available / 43 sold | G26: 43 | H26: May 24, 2024 00:13:55 PDT | I26: Pomona, California, United States
A27: Azzaro | B27: Parfum | C27: 89.97 | D27: US $89.97/ea | E27: 10 | F27: 10 available / 920 sold | G27: 920 | H27: May 24, 2024 08:32:16 PDT | I27: Katy, Texas, United States
A28: Unbranded | B28: Eau de Parfum | C28: 92.99 | D28: US $92.99 | E28: 5 | F28: 5 available / 19 sold | G28: 19 | H28: May 24, 2024 00:01:17 PDT | I28: College Point, New York, United States
A29: Azzaro | B29: Eau de Parfum | C29: 87.99 | D29: US $87.99 | E29: 2 | F29: 2 available / 4 sold | G29: 4 | I29: NEW YORK, United States
A30: Giorgio Armani | B30: Eau de Parfum | C30: 119.99 | D30: US $119.99 | E30: 10 | F30: 10 available / 34 sold | G30: 34 | H30: May 24, 2024 07:16:53 PDT | I30: New York,USA, Hong Kong
A31: Penhaligon's | B31: Eau de Parfum | C31: 99.99 | D31: US $99.99 | F31: Last One / 30 sold | G31: 30 | H31: May 20, 2024 04:16:27 PDT | I31: Brenham, Texas, United States
A32: Bharara | B32: Eau de Parfum | C32: 51.91 | D32: US $51.91/ea | E32: 4 | F32: 4 available / 47 sold | G32: 47 | H32: May 19, 2024 13:15:33 PDT | I32: Richmond Hill, New York, United States
A33: Paco Rabanne | B33: Eau de Toilette | C33: 49.99 | D33: US $49.99/ea | E33: 8 | F33: 8 available / 170 sold | G33: 170 | H33: May 23, 2024 07:03:35 PDT | I33: Dexter, Michigan, United States
A34: Armaf | B34: Eau de Toilette | C34: 32.85 | D34: US $32.85/ea | E34: 10 | F34: More than 10 available / 8,385 sold | G34: 8385 | H34: May 17, 2024 15:41:45 PDT | I34: Houston, Texas, United States
A35: Valentino | B35: Eau de Toilette | C35: 89.97 | D35: US $89.97/ea | E35: 10 | F35: 10 available / 295 sold | G35: 295 | H35: May 24, 2024 08:44:55 PDT | I35: Katy, Texas, United States
A36: Guy Laroche | B36: Eau de Toilette | C36: 16.98 | D36: US $16.98/ea | E36: 620 | F36: 620 available / 2,345 sold | G36: 2345 | H36: May 23, 2024 18:45:23 PDT | I36: Dallas, Texas, United States
A37: Montblanc | B37: Eau de Toilette | C37: 32.89 | D37: US $32.89/ea | E37: 383 | F37: 383 available / 5,032 sold | G37: 5032 | H37: May 21, 2024 07:59:07 PDT | I37: Dallas, Texas, United States
A38: Rasasi | B38: Eau de Parfum | C38: 45.11 | D38: US $45.11 | F38: Limited quantity available / 258 sold | G38: 258 | H38: May 24, 2024 09:50:28 PDT | I38: Brooklyn, New York, United States
A39: Maison Alhambra | B39: Fragrances | C39: 19.73 | D39: US $19.73 | F39: Limited quantity available / 55 sold | G39: 55 | H39: May 24, 2024 07:02:34 PDT | I39: Brooklyn, New York, United States
A40: Armaf | B40: Eau de Parfum | C40: 39.99 | D40: US $39.99/ea | E40: 8 | F40: 8 available / 276 sold | G40: 276 | H40: May 24, 2024 06:26:11 PDT | I40: Phoenix, Arizona, United States
A41: Calvin Klein | B41: Eau de Toilette | C41: 40.6 | D41: US $40.60/ea | F41: Limited quantity available / 5,582 sold | G41: 5582 | H41: May 24, 2024 09:35:06 PDT | I41: Dallas, Texas, United States
A42: UOMO | B42: Eau de Toilette | C42: 54.99 | D42: US $54.99 | F42: Last One / 8 sold | G42: 8 | H42: May 22, 2024 19:02:53 PDT | I42: Peekskill, New York, United States
A43: Paco Rabanne | B43: Eau de Toilette | C43: 40.99 | D43: US $40.99 | E43: 10 | F43: More than 10 available / 37 sold | G43: 37 | H43: May 22, 2024 00:25:54 PDT | I43: College Point, New York, United States
A44: Armaf | B44: Eau de Parfum | C44: 34.84 | D44: US $34.84/ea | F44: Limited quantity available / 4,460 sold | G44: 4460 | H44: May 24, 2024 07:32:37 PDT | I44: Hackensack, New Jersey, United States
A45: Givenchy | B45: Eau de Toilette | C45: 34.72 | D45: US $34.72/ea | E45: 71 | F45: 71 available / 627 sold | G45: 627 | H45: May 24, 2024 10:20:09 PDT | I45: Dallas, Texas, United States
A46: Azzaro | B46: Eau de Toilette | C46: 46.33 | D46: US $46.33/ea | F46: Limited quantity available / 30,655 sold | G46: 30655 | H46: May 24, 2024 07:58:01 PDT | I46: Hackensack, New Jersey, United States
A47: Armaf | B47: Eau de Parfum | C47: 39 | D47: US $39.00 | E47: 3 | F47: 3 available / 24 sold | G47: 24 | H47: May 22, 2024 10:17:56 PDT | I47: Brooklyn, New York, United States
A48: Lattafa | B48: Eau de Parfum | C48: 21.54 | D48: US $21.54/ea | E48: 96 | F48: 96 available / 989 sold | G48: 989 | H48: May 24, 2024 06:21:20 PDT | I48: Dallas, Texas, United States
A49: Polo Ralph Lauren | B49: Eau de Toilette | C49: 32.97 | D49: US $32.97/ea | E49: 756 | F49: 1,756 available / 5,023 sold | G49: 5023 | H49: May 24, 2024 07:57:49 PDT | I49: Dallas, Texas, United States
A50: Ralph Lauren | B50: Eau de Toilette | C50: 23.34 | D50: US $23.34/ea | E50: 452 | F50: 452 available / 972 sold | G50: 972 | H50: May 24, 2024 08:09:10 PDT | I50: Dallas, Texas, United States
A51: C.K | B51: Eau de Toilette | C51: 28.75 | D51: US $28.75 | F51: Limited quantity available / 12,739 sold | G51: 12739 | H51: May 24, 2024 08:44:02 PDT | I51: Hackensack, New Jersey, United States
A52: John Varvatos | B52: Eau de Toilette | C52: 27.94 | D52: US $27.94/ea | E52: 161 | F52: 161 available / 485 sold | G52: 485 | H52: May 23, 2024 12:42:34 PDT | I52: Dallas, Texas, United States
A53: Afnan | B53: Eau de Parfum | C53: 32.5 | D53: US $32.50 | E53: 5 | F53: 5 available / 372 sold | G53: 372 | H53: May 23, 2024 17:14:52 PDT | I53: Edison, New Jersey, United States
A54: Nautica | B54: Eau de Toilette | C54: 14.99 | D54: US $14.99 | E54: 3 | F54: 3 available / 291 sold | G54: 291 | H54: May 23, 2024 10:21:16 PDT | I54: Armada, Michigan, United States
A55: Giorgio Armani | B55: Eau de Toilette | C55: 45.95 | D55: US $45.95 | E55: 5 | F55: 5 available / 578 sold | G55: 578 | H55: May 23, 2024 19:16:37 PDT | I55: Kalamazoo, Michigan, United States
A56: Giorgio Armani | B56: Eau de Parfum | C56: 68.99 | D56: US $68.99/ea | E56: 2 | F56: 2 available / 99 sold | G56: 99 | H56: May 24, 2024 02:15:09 PDT | I56: Charlotte, North Carolina, United States
A57: As Picture Show | B57: Eau de Parfum | C57: 69.99 | D57: US $69.99 | E57: 56 | F57: 56 available / 44 sold | G57: 44 | H57: Apr 23, 2024 20:25:43 PDT | I57: Dayton, New Jersey, United States
A58: SECERTMU | B58: Perfume | C58: 13.99 | D58: US $13.99 | E58: 10 | F58: More than 10 available / 290 sold | G58: 290 | H58: May 21, 2024 19:21:49 PDT | I58: San Francisco, California, United States
A59: Versace | B59: Eau de Toilette | C59: 36.88 | D59: US $36.88/ea | F59: Limited quantity available / 19,899 sold | G59: 19899 | H59: May 24, 2024 09:36:54 PDT | I59: Hackensack, New Jersey, United States
A60: Kenneth Cole | B60: Eau de Toilette | C60: 24.7 | D60: US $24.70/ea | F60: Limited quantity available / 12,865 sold | G60: 12865 | H60: May 23, 2024 00:24:59 PDT | I60: Dallas, Texas, United States
A61: Tommy Hilfiger | B61: Eau de Toilette | C61: 26.11 | D61: US $26.11/ea | E61: 4 | F61: 4 available / 12,184 sold | G61: 12184 | H61: May 23, 2024 13:00:07 PDT | I61: Dallas, Texas, United States
A62: Unbranded | B62: Perfume | C62: 14.99 | D62: US $14.99 | E62: 10 | F62: More than 10 available / 172 sold | G62: 172 | H62: May 24, 2024 10:16:08 PDT | I62: Perth Amboy, New Jersey, United States
A63: 2nd To None | B63: Concentrated Uncut Pure Body Oil | C63: 6.65 | D63: US $6.65 | E63: 9 | F63: 9 available / 18,882 sold | G63: 18882 | H63: May 21, 2024 19:14:49 PDT | I63: LaGrange, Georgia, United States
A64: Dior | B64: Eau de Parfum | C64: 25.99 | D64: US $25.99/ea | E64: 6 | F64: 6 available / 1,332 sold | G64: 1332 | H64: May 24, 2024 04:03:31 PDT | I64: Cranston, Rhode Island, United States
A65: Yves Saint Laurent | B65: LE PARFUM | C65: 60.99 | D65: US $60.99/ea | E65: 2 | F65: 2 available / 35 sold | G65: 35 | H65: May 24, 2024 07:11:06 PDT | I65: Las Vegas, Nevada, United States
A66: Yves Saint Laurent | B66: Eau De Parfum | C66: 47.88 | D66: US $47.88/ea | E66: 10 | F66: More than 10 available / 25 sold | G66: 25 | H66: May 23, 2024 20:46:56 PDT | I66: Sacramento, California, United States
A67: Calvin Klein | B67: Eau de Toilette | C67: 31.08 | D67: US $31.08/ea | E67: 842 | F67: 842 available / 1,362 sold | G67: 1362 | H67: May 21, 2024 23:15:46 PDT | I67: Dallas, Texas, United States
A68: Armaf | B68: Fragrances | C68: 24.43 | D68: US $24.43 | F68: Limited quantity available / 110 sold | G68: 110 | H68: May 23, 2024 16:44:49 PDT | I68: Brooklyn, New York, United States
A69: Versace | B69: Eau de Toilette | C69: 35.99 | D69: US $35.99/ea | E69: 5 | F69: 5 available / 221 sold | G69: 221 | H69: May 24, 2024 00:47:14 PDT | I69: Dayton, New Jersey, Canada
A70: Rasasi | B70: Eau de Parfum | C70: 25.99 | D70: US $25.99 | E70: 10 | F70: More than 10 available / 3 sold | G70: 3 | H70: May 19, 2024 15:48:43 PDT | I70: Windsor Mill, Maryland, United States
A71: Ralph Lauren | B71: Eau de Toilette | C71: 38.57 | D71: US $38.57/ea | E71: 484 | F71: 484 available / 1,503 sold | G71: 1503 | H71: May 22, 2024 17:31:34 PDT | I71: Dallas, Texas, United States
A72: Azzaro | B72: Eau de Toilette | C72: 24.45 | D72: US $24.45/ea | F72: Limited quantity available / 1,691 sold | G72: 1691 | H72: May 22, 2024 22:47:05 PDT | I72: Dallas, Texas, United States
A73: Azzaro | B73: Eau de Toilette | C73: 16.26 | D73: US $16.26/ea | E73: 12 | F73: 12 available / 644 sold | G73: 644 | H73: May 20, 2024 07:59:19 PDT | I73: Dallas, Texas, United States
A74: Ralph Lauren | B74: Eau de Toilette | C74: 22.5 | D74: US $22.50 | E74: 10 | F74: More than 10 available / 2 sold | G74: 2 | I74: Mesa, Arizona, United States
A75: Lattafa | B75: Fragrances | C75: 15.03 | D75: US $15.03 | E75: 3 | F75: 3 available / 44 sold | G75: 44 | H75: May 24, 2024 05:02:25 PDT | I75: Brooklyn, New York, United States
A76: Versace | B76: Eau de Toilette | C76: 8.32 | D76: US $8.32/ea | E76: 322 | F76: 1,322 available / 417 sold | G76: 417 | H76: May 23, 2024 08:22:19 PDT | I76: Dallas, Texas, United States
A77: Giorgio Armani | B77: Eau de Toilette | C77: 37.8 | D77: US $37.80/ea | E77: 8 | F77: 8 available / 300 sold | G77: 300 | H77: May 23, 2024 09:23:09 PDT | I77: West Orange, New Jersey, United States
A78: Calvin Klein | B78: Eau de Toilette | C78: 23.56 | D78: US $23.56/ea | F78: Limited quantity available / 24,048 sold | G78: 24048 | H78: May 23, 2024 08:46:31 PDT | I78: Dallas, Texas, United States
A79: Guy Laroche | B79: Eau de Toilette | C79: 27.59 | D79: US $27.59/ea | E79: 323 | F79: 1,323 available / 4,972 sold | G79: 4972 | H79: May 17, 2024 15:16:24 PDT | I79: Dallas, Texas, United States
A80: Ralph Lauren | B80: Eau de Toilette | C80: 26.5 | D80: US $26.50 | E80: 3 | F80: 3 available / 3 sold | G80: 3 | H80: May 22, 2024 18:18:03 PDT | I80: Henrico, Virginia, United States
A81: Dolce&Gabbana | B81: Eau de Parfum | C81: 35.71 | D81: US $35.71 | E81: 3 | F81: 3 available / 36 sold | G81: 36 | H81: May 24, 2024 06:58:53 PDT | I81: Brooklyn, New York, United States
A82: Unbranded | B82: Perfume | C82: 15.99 | D82: US $15.99 | E82: 10 | F82: More than 10 available / 594 sold | G82: 594 | H82: May 24, 2024 09:12:14 PDT | I82: Houston, Texas, United States
A83: Calvin Klein | C83: 23.89 | D83: US $23.89/ea | F83: Limited quantity available / 54,052 sold | G83: 54052 | H83: May 24, 2024 03:59:39 PDT | I83: Hackensack, New Jersey, United States
A84: Cologne | B84: Eau de Parfum | C84: 10.99 | D84: US $10.99/ea | E84: 10 | F84: More than 10 available / 179 sold | G84: 179 | H84: May 18, 2024 14:39:08 PDT | I84: Katy, Texas, United States
A85: Giorgio Armani | B85: Eau de Parfum | C85: 70.99 | D85: US $70.99/ea | E85: 2 | F85: 2 available / 52 sold | G85: 52 | H85: May 23, 2024 16:50:30 PDT | I85: Pfafftown, North Carolina, United States
A86: Unbranded | B86: Perfume | C86: 16.99 | D86: US $16.99 | E86: 10 | F86: More than 10 available / 404 sold | G86: 404 | H86: Apr 29, 2024 18:02:01 PDT | I86: CA, United States
A87: AS SHOWN | B87: Eau de Parfum | C87: 126.99 | D87: US $126.99 | F87: Last One / 32 sold | G87: 32 | H87: May 21, 2024 22:40:20 PDT | I87: USA,California, Hong Kong
A88: Roja | B88: Fragrances | C88: 159.99 | D88: US $159.99/ea | E88: 10 | F88: More than 10 available / 30 sold | G88: 30 | H88: May 21, 2024 18:00:42 PDT | I88: New York, New York, Taiwan
A89: MetaHerbal Labs | B89: Unscented | C89: 39.95 | D89: US $39.95 | E89: 10 | F89: More than 10 available / 353 sold | G89: 353 | H89: May 06, 2024 19:01:20 PDT | I89: Orange, Connecticut, United States
A90: Mirage Brands | B90: Eau de Toilette | C90: 13.66 | D90: US $13.66 | E90: 10 | F90: More than 10 available / 552 sold | G90: 552 | H90: May 24, 2024 00:14:35 PDT | I90: Hephzibah, Georgia, United States
A91: Carolina Herrera | B91: Eau de Toilette | C91: 54.99 | D91: US $54.99/ea | E91: 10 | F91: 10 available / 780 sold | G91: 780 | H91: May 22, 2024 18:50:59 PDT | I91: Katy, Texas, United States
A92: Unbranded | B92: Perfume | C92: 14.99 | D92: US $14.99 | E92: 10 | F92: More than 10 available / 358 sold | G92: 358 | H92: May 24, 2024 09:56:14 PDT | I92: Houston, Texas, United States
A93: Abercrombie & Fitch | B93: Eau de Cologne | C93: 29.99 | D93: US $29.99/ea | E93: 9 | F93: 9 available / 87 sold | G93: 87 | H93: May 23, 2024 09:26:33 PDT | I93: Phoenix, Arizona, United States
A94: Valentino | B94: Eau de Toilette | C94: 89.99 | D94: US $89.99 | E94: 6 | F94: 6 available / 23 sold | G94: 23 | H94: May 16, 2024 19:15:06 PDT | I94: El Cajon, California, Hong Kong
A95: As Show | B95: Eau de Parfum | C95: 109.99 | D95: US $109.99/ea | E95: 3 | F95: 3 available / 24 sold | G95: 24 | H95: May 23, 2024 18:03:02 PDT | I95: California,United States, Hong Kong, Hong Kong
A96: Yves Saint Laurent | B96: Eau de Parfum | C96: 92.56 | D96: US $92.56/ea | F96: Limited quantity available / 2,293 sold | G96: 2293 | H96: May 24, 2024 06:15:40 PDT | I96: Hackensack, New Jersey, United States
A97: Unbranded | B97: / | C97: 15.89 | D97: US $15.89 | E97: 6 | F97: 6 available / 8 sold | G97: 8 | H97: May 22, 2024 22:34:16 PDT | I97: shanghai, China
A98: Giorgio Armani | B98: Eau de Toilette | C98: 59.99 | D98: US $59.99 | E98: 10 | F98: More than 10 available / 14 sold | G98: 14 | H98: May 21, 2024 07:50:36 PDT | I98: Hamtramck, Michigan, United States
A99: Cologne | B99: Perfume | C99: 85 | D99: US $85.00 | E99: 4 | F99: 4 available / 42 sold | G99: 42 | H99: May 23, 2024 22:52:13 PDT | I99: Fresh Meadows, New York, United States
A100: Unbranded | B100: Eau de Toilette | C100: 13.86 | D100: US $13.86/ea | E100: 10 | F100: More than 10 available / 1,146 sold | G100: 1146 | H100: May 24, 2024 08:52:14 PDT | I100: Cumming, Georgia, United States
...

Sheet Womens perfume
A1: brand | B1: type | C1: price | D1: priceWithCurrency | E1: available | F1: availableText | G1: sold | H1: lastUpdated | I1: itemLocation
A2: Carolina Herrera | B2: Eau de Parfum | C2: 43.99 | D2: US $43.99/ea | E2: 2 | F2: 2 available / 393 sold | G2: 393 | H2: May 23, 2024 10:43:50 PDT | I2: Thomasville, Alabama, United States
A3: As Shown | B3: Eau de Parfum | C3: 79.99 | D3: US $79.99 | E3: 5 | F3: 5 available / 40 sold | G3: 40 | H3: May 24, 2024 00:15:48 PDT | I3: New Jersey, Hong Kong
A4: PRADA | B4: Eau de Parfum | C4: 59.99 | D4: US $59.99 | E4: 10 | F4: More than 10 available / 35 sold | G4: 35 | H4: May 14, 2024 20:54:25 PDT | I4: Orange, New Jersey, United States
A5: As Show | B5: Eau de Parfum | C5: 59.99 | D5: US $59.99/ea | E5: 10 | F5: More than 10 available / 9 sold | G5: 9 | H5: May 23, 2024 01:23:05 PDT | I5: USA, New Jersey, Hong Kong
A6: Khadlaj | B6: Eau de Parfum | C6: 29.99 | D6: US $29.99/ea | E6: 10 | F6: More than 10 available | I6: Little Ferry, New Jersey, United States
A7: Viktor & Rolf | B7: Eau de Parfum | C7: 51.99 | D7: US $51.99/ea | E7: 8 | F7: 8 available / 184 sold | G7: 184 | H7: May 23, 2024 10:44:09 PDT | I7: Warren, Michigan, United States
A8: AS SHOW | B8: Eau de Parfum | C8: 58.99 | D8: US $58.99 | F8: Out of Stock / 18 sold | G8: 18 | H8: May 24, 2024 00:15:13 PDT | I8: Astoria, New York, United States
A9: Versace | B9: Eau de Toilette | C9: 52.79 | D9: US $52.79/ea | E9: 6 | F9: 6 available / 258 sold | G9: 258 | H9: May 21, 2024 06:41:13 PDT | I9: Dexter, Michigan, United States
A10: Versace | B10: Eau de Toilette | C10: 29.99 | D10: US $29.99 | F10: Last One / 251 sold | G10: 251 | H10: May 23, 2024 22:39:02 PDT | I10: Jamaica, New York, United States
A11: Lattafa | B11: Eau de Parfum | C11: 22.75 | D11: US $22.75/ea | E11: 10 | F11: More than 10 available / 174 sold | G11: 174 | H11: May 24, 2024 00:25:04 PDT | I11: New York, New York, United States
A12: Yves Saint Laurent | B12: Eau de Parfum | C12: 39.99 | D12: US $39.99/ea | E12: 10 | F12: More than 10 available / 77 sold | G12: 77 | H12: May 24, 2024 11:01:13 PDT | I12: Ecorse, Michigan, United States
A13: Gucci | B13: Eau de Parfum | C13: 64.99 | D13: US $64.99/ea | E13: 10 | F13: More than 10 available / 35 sold | G13: 35 | H13: May 24, 2024 11:01:04 PDT | I13: Ecorse, Michigan, United States
A14: Carolina Herrera | B14: Eau de Parfum | C14: 60.99 | D14: US $60.99/ea | E14: 2 | F14: 2 available / 51 sold | G14: 51 | H14: May 23, 2024 16:56:32 PDT | I14: Quinlan, Texas, United States
A15: Carolina Herrera | B15: Eau de Parfum | C15: 43.49 | D15: US $43.49/ea | E15: 2 | F15: 2 available / 20 sold | G15: 20 | H15: May 22, 2024 10:25:36 PDT | I15: Cincinnati, Ohio, United States
A16: Coach | B16: Eau de Parfum | C16: 29.2 | D16: US $29.20/ea | E16: 10 | F16: More than 10 available / 505 sold | G16: 505 | H16: May 08, 2024 09:46:06 PDT | I16: Edison, New Jersey, United States
A17: Guerlain | B17: Eau de Parfum | C17: 13 | D17: US $13.00 | E17: 10 | F17: More than 10 available / 94 sold | G17: 94 | H17: May 24, 2024 09:43:51 PDT | I17: New York, New York, United States
A18: Philosophy | B18: Eau De Parfum | C18: 39.69 | D18: US $39.69/ea | E18: 10 | F18: More than 10 available / 234 sold | G18: 234 | H18: May 24, 2024 10:21:14 PDT | I18: Edison, New Jersey, United States
A19: Marc Jacobs | B19: Eau de Parfum | C19: 59.99 | D19: US $59.99 | E19: 6 | F19: 6 available / 34 sold | G19: 34 | H19: May 22, 2024 18:32:01 PDT | I19: New York,USA, Hong Kong
A20: AS SHOWN | B20: Eau de Parfum | C20: 59.99 | D20: US $59.99 | F20: Last One / 43 sold | G20: 43 | H20: May 23, 2024 01:10:19 PDT | I20: New York, New York, United States
A21: Dolce & Gabbana | B21: Eau de Parfum | C21: 11 | D21: US $11.00 | E21: 10 | F21: More than 10 available / 1,613 sold | G21: 1613 | H21: Apr 05, 2024 00:52:19 PDT | I21: Albany, New York, United States
A22: QRC | B22: Spray | C22: 27 | D22: US $27.00/ea | E22: 10 | F22: More than 10 available / 218 sold | G22: 218 | H22: Mar 20, 2024 12:14:58 PDT | I22: Oklahoma City, Oklahoma, United States
A23: ~ CREPE ERASE ~ | B23: ~ BODY FIRM ADVANCED BODY REPAIR TREATMENT ~ | C23: 29.99 | D23: US $29.99 | E23: 10 | F23: More than 10 available / 1 sold | G23: 1 | I23: Melrose Park, Illinois, United States
A24: Unbranded | B24: Eau de Parfum | C24: 16.27 | D24: US $16.27/ea | E24: 300 | F24: 300 available / 38 sold | G24: 38 | H24: May 24, 2024 08:20:15 PDT | I24: shanghai, China
A25: YSL | B25: Eau de Parfum | C25: 54.95 | D25: US $54.95 | F25: Last One / 25 sold | G25: 25 | H25: May 24, 2024 00:08:02 PDT | I25: Stuyvesant Falls, New York, United States
A26: Carolina Herrera | B26: Eau de Parfum | C26: 49.99 | D26: US $49.99/ea | E26: 6 | F26: 6 available / 183 sold | G26: 183 | H26: May 23, 2024 09:40:39 PDT | I26: Macomb, Michigan, United States
A27: Parfums de Marly | B27: Eau de Parfum | C27: 84.99 | D27: US $84.99 | E27: 4 | F27: 4 available / 71 sold | G27: 71 | H27: May 22, 2024 01:30:45 PDT | I27: California or Hong Kong, Hong Kong
A28: Yves Saint Laurent | B28: Eau de Parfum | C28: 39.99 | D28: US $39.99/ea | E28: 8 | F28: 8 available / 126 sold | G28: 126 | H28: May 24, 2024 05:51:11 PDT | I28: Farmington, Michigan, United States
A29: Dolce&Gabbana | B29: Eau de Toilette | C29: 53.99 | D29: US $53.99 | F29: Out of Stock / 54 sold | G29: 54 | H29: May 24, 2024 03:14:29 PDT | I29: Ecorse, Michigan, United States
A30: EX NIHILO | B30: Eau de Parfum | C30: 99.99 | D30: US $99.99 | E30: 4 | F30: 4 available / 29 sold | G30: 29 | H30: May 23, 2024 03:50:04 PDT | I30: California or Hong Kong, Hong Kong
A31: Juliette has a gun | B31: Eau de Parfum | C31: 40.92 | D31: US $40.92/ea | F31: Limited quantity available / 1,571 sold | G31: 1571 | H31: May 24, 2024 07:32:36 PDT | I31: Hackensack, New Jersey, United States
A32: Davidoff | B32: Eau de Toilette | C32: 22.9 | D32: US $22.90/ea | E32: 10 | F32: More than 10 available / 291 sold | G32: 291 | H32: May 08, 2024 17:11:47 PDT | I32: Princeton Junction, New Jersey, United States
A33: Viktor & Rolf | B33: Eau de Parfum | C33: 42 | D33: US $42.00/ea | E33: 4 | F33: 4 available / 406 sold | G33: 406 | H33: May 23, 2024 22:57:33 PDT | I33: Portland, Oregon, United States
A34: Giorgi^o Armani | B34: Eau de Parfum | C34: 44.88 | D34: US $44.88/ea | E34: 7 | F34: 7 available / 147 sold | G34: 147 | H34: May 20, 2024 00:21:18 PDT | I34: South El Monte, California, United States
A35: PRADA | B35: Eau de Parfum | C35: 66.99 | D35: US $66.99 | E35: 10 | F35: More than 10 available / 3 sold | G35: 3 | H35: May 23, 2024 18:00:47 PDT | I35: Perth Amboy, New Jersey, United States
A36: Roja | B36: Eau de Parfum | C36: 129.99 | D36: US $129.99 | E36: 5 | F36: 5 available / 37 sold | G36: 37 | H36: May 24, 2024 09:25:04 PDT | I36: United States, Canada
A37: AS SHOWN | B37: Eau de Parfum | C37: 22.99 | D37: US $22.99 | E37: 10 | F37: 10 available / 11 sold | G37: 11 | H37: May 24, 2024 06:30:59 PDT | I37: CA, China
A38: Parfums de Marly | B38: Parfum | C38: 12 | D38: US $12.00 | E38: 10 | F38: More than 10 available / 59 sold | G38: 59 | I38: Albany, New York, United States
A39: Marc Jacobs | B39: Eau de Toilette | C39: 32.95 | D39: US $32.95 | E39: 10 | F39: More than 10 available / 68 sold | G39: 68 | H39: May 17, 2024 04:50:31 PDT | I39: College Point, New York, United States
A40: Ariana Grande | B40: Eau de Parfum | C40: 31.05 | D40: US $31.05/ea | E40: 9 | F40: 9 available / 54 sold | G40: 54 | H40: May 23, 2024 21:28:14 PDT | I40: Detroit, Michigan, United States
A41: Versace | B41: Eau de Toilette | C41: 32.2 | D41: US $32.20/ea | E41: 60 | F41: 60 available / 157 sold | G41: 157 | H41: May 17, 2024 06:09:15 PDT | I41: Dallas, Texas, United States
A42: Sol De Janeiro | B42: Fragrance Mist | C42: 17.9 | D42: US $17.90/ea | E42: 10 | F42: More than 10 available / 4 sold | G42: 4 | H42: May 21, 2024 19:47:36 PDT | I42: Round Rock, Texas, United States
A43: Kilian | B43: Eau de Parfum | C43: 29.75 | D43: US $29.75 | E43: 9 | F43: 9 available / 80 sold | G43: 80 | H43: May 24, 2024 09:49:39 PDT | I43: Tulsa, Oklahoma, United States
A44: Donna Karan | B44: Deodorant Stick | C44: 19.99 | D44: US $19.99/ea | E44: 10 | F44: More than 10 available / 441 sold | G44: 441 | H44: May 20, 2024 11:47:05 PDT | I44: Elizabeth, New Jersey, United States
A45: Carolina Herrera | B45: Eau de Parfum | C45: 43.99 | D45: US $43.99/ea | E45: 2 | F45: 2 available / 16 sold | G45: 16 | H45: May 24, 2024 02:41:54 PDT | I45: San Jose, California, United States
A46: Carolina Herrera | B46: Eau de Parfum | C46: 59.99 | D46: US $59.99/ea | E46: 2 | F46: 2 available / 21 sold | G46: 21 | H46: May 22, 2024 16:11:22 PDT | I46: Cincinnati, Ohio, United States
A47: Marc Jacobs | B47: Eau de Toilette | C47: 42.88 | D47: US $42.88 | E47: 10 | F47: More than 10 available / 71 sold | G47: 71 | H47: May 19, 2024 22:27:54 PDT | I47: College Point, New York, United States
A48: Parfums de Marly | B48: Eau de Parfum | C48: 100.99 | D48: US $100.99 | F48: Last One / 49 sold | G48: 49 | H48: May 17, 2024 03:05:11 PDT | I48: Buffalo Mills, Pennsylvania, United States
A49: Juliette has a gun | B49: Eau de Parfum | C49: 26.05 | D49: US $26.05/ea | E49: 10 | F49: More than 10 available / 128 sold | G49: 128 | H49: May 19, 2024 15:38:07 PDT | I49: Winter Garden, Florida, United States
A50: AS SHOWN | B50: Eau de Parfum | C50: 54.99 | D50: US $54.99/ea | E50: 5 | F50: 5 available / 60 sold | G50: 60 | H50: May 24, 2024 01:42:35 PDT | I50: USA,California, Hong Kong
A51: Carolina Herrera | B51: Eau de Parfum | C51: 49.99 | D51: US $49.99/ea | E51: 6 | F51: 6 available / 179 sold | G51: 179 | H51: May 21, 2024 07:50:00 PDT | I51: Dearborn, Michigan, United States
A52: Viktor & Rolf | B52: Eau de Parfum | C52: 47.49 | D52: US $47.49/ea | E52: 2 | F52: 2 available / 208 sold | G52: 208 | H52: May 24, 2024 02:09:07 PDT | I52: Houston, Texas, United States
A53: Carolina Herrera | B53: Eau de Parfum | C53: 43.99 | D53: US $43.99 | F53: Last One / 166 sold | G53: 166 | H53: May 23, 2024 10:39:45 PDT | I53: Pfafftown, North Carolina, United States
A54: Narciso Rodriguez | B54: Eau de Parfum | C54: 32 | D54: US $32.00 | E54: 10 | F54: More than 10 available / 87 sold | G54: 87 | H54: May 07, 2024 20:40:26 PDT | I54: College Point, New York, United States
A55: Coach | B55: Eau de Parfum | C55: 31.5 | D55: US $31.50/ea | E55: 10 | F55: More than 10 available / 287 sold | G55: 287 | H55: May 15, 2024 12:02:03 PDT | I55: Edison, New Jersey, United States
A56: Giorgio² Armani | B56: Eau de Parfum | C56: 42.99 | D56: US $42.99/ea | E56: 5 | F56: 5 available / 243 sold | G56: 243 | H56: May 23, 2024 00:16:33 PDT | I56: College Point, New York, United States
A57: Yves Saint Laurent | B57: Eau de Parfum | C57: 98.99 | D57: US $98.99 | E57: 3 | F57: 3 available / 56 sold | G57: 56 | H57: Apr 24, 2024 01:25:42 PDT | I57: Houston, Texas, United States
A58: Viktor & Rolf | B58: Eau de Parfum | C58: 42 | D58: US $42.00/ea | E58: 4 | F58: 4 available / 404 sold | G58: 404 | H58: May 23, 2024 22:47:11 PDT | I58: Chico, California, United States
A59: KENZO | B59: Eau de Parfum | C59: 39.99 | D59: US $39.99 | E59: 10 | F59: More than 10 available / 102 sold | G59: 102 | H59: May 08, 2024 10:56:21 PDT | I59: Miami, Florida, United States
A60: Burberry | B60: Eau de Parfum | C60: 27.99 | D60: US $27.99/ea | E60: 10 | F60: More than 10 available / 87 sold | G60: 87 | H60: May 23, 2024 08:37:54 PDT | I60: Warren, Michigan, United States
A61: Carolina Herrera | B61: Eau de Parfum | C61: 42.99 | D61: US $42.99/ea | E61: 2 | F61: 2 available / 130 sold | G61: 130 | H61: May 24, 2024 07:12:21 PDT | I61: Santa Cruz, California, United States
A62: Thierry Mugler | B62: Eau de Parfum | C62: 43.99 | D62: US $43.99/ea | E62: 6 | F62: 6 available / 25 sold | G62: 25 | H62: May 23, 2024 09:03:13 PDT | I62: Detroit, Michigan, United States
A63: Versace | B63: Eau de Toilette | C63: 15.49 | D63: US $15.49/ea | E63: 10 | F63: More than 10 available / 1,089 sold | G63: 1089 | H63: Apr 30, 2024 06:41:19 PDT | I63: Keyport, New Jersey, United States
A64: Lattafa | B64: Eau de Parfum | C64: 23.25 | D64: US $23.25/ea | E64: 10 | F64: More than 10 available / 19 sold | G64: 19 | H64: May 24, 2024 11:15:06 PDT | I64: New York, New York, United States
A65: Donna Karan | B65: Gift Sets | C65: 16.26 | D65: US $16.26/ea | E65: 10 | F65: More than 10 available / 110 sold | G65: 110 | H65: May 24, 2024 10:21:10 PDT | I65: Edison, New Jersey, United States
... A71: Marc Jacobs | B71: Eau de Toilette | C71: 39.99 | D71: US $39.99/ea | E71: 10 | F71: More than 10 available / 1,129 sold | G71: 1129 | H71: May 24, 2024 06:47:19 PDT | I71: Lincoln Park, Michigan, United States
A72: Maison Margiela | B72: Eau de Toilette | C72: 48.88 | D72: US $48.88 | E72: 10 | F72: More than 10 available / 14 sold | G72: 14 | I72: College Point, New York, United States
A73: Carolina Herrera | B73: Eau de Parfum | C73: 55.99 | D73: US $55.99/ea | E73: 6 | F73: 6 available / 193 sold | G73: 193 | H73: May 23, 2024 09:40:55 PDT | I73: Macomb, Michigan, United States
A74: Giorgio² Armani | B74: Eau de Parfum | C74: 42.98 | D74: US $42.98 | E74: 10 | F74: More than 10 available / 29 sold | G74: 29 | H74: May 07, 2024 20:41:14 PDT | I74: College Point, New York, United States
A75: Jo Malone | B75: Eau de Cologne | C75: 15.98 | D75: US $15.98/ea | E75: 10 | F75: More than 10 available / 40 sold | G75: 40 | H75: May 24, 2024 02:23:41 PDT | I75: Houston, Texas, United States
A76: Elizabeth Arden | B76: 3 Pc | C76: 19.45 | D76: US $19.45 | E76: 50 | F76: 50 available / 2 sold | G76: 2 | H76: May 24, 2024 07:12:19 PDT | I76: Ronkonkoma, New York, United States
A77: Juliette has a gun | B77: Eau de Parfum, Eau De Parfume | C77: 49.99 | D77: US $49.99/ea | E77: 2 | F77: 2 available / 288 sold | G77: 288 | H77: May 23, 2024 01:42:58 PDT | I77: Plano, United States
A78: Sol De Janeiro | B78: Body Spray | C78: 20.49 | D78: US $20.49/ea | E78: 8 | F78: 8 available / 190 sold | G78: 190 | H78: May 23, 2024 18:04:39 PDT | I78: Dayton,New Jersey, Hong Kong
A79: Narciso Rodriguez | B79: Eau de Parfum | C79: 31 | D79: US $31.00/ea | E79: 4 | F79: 4 available / 266 sold | G79: 266 | H79: May 23, 2024 23:12:08 PDT | I79: Bethpage, New York, United States
A80: Urban Outfitters | B80: Eau de Parfum | C80: 24.99 | D80: US $24.99/ea | E80: 9 | F80: 9 available / 9 sold | G80: 9 | H80: May 20, 2024 04:20:56 PDT | I80: Kennesaw, Georgia, United States
A81: Dossier | B81: Eau de Parfum | C81: 19 | D81: US $19.00/ea | E81: 10 | F81: More than 10 available / 10 sold | G81: 10 | I81: Los Angeles, California, United States
A82: Dolce & Gabbana | B82: Eau de Parfum | C82: 14 | D82: US $14.00 | E82: 10 | F82: More than 10 available / 266 sold | G82: 266 | I82: Albany, New York, United States
A83: Maison Alhambra | B83: Eau de Parfum | C83: 34 | D83: US $34.00 | E83: 10 | F83: 10 available / 45 sold | G83: 45 | H83: May 18, 2024 19:20:33 PDT | I83: Astoria, New York, United States
A84: ALT Fragrances | B84: Extrait de Parfum | C84: 49 | D84: US $49.00 | E84: 10 | F84: More than 10 available / 443 sold | G84: 443 | H84: May 24, 2024 10:49:13 PDT | I84: Van Nuys, California, United States
A85: Estée Lauder | B85: Eau de Parfum | C85: 54.99 | D85: US $54.99/ea | E85: 10 | F85: More than 10 available / 17 sold | G85: 17 | H85: Mar 13, 2024 13:05:30 PDT | I85: Richmond, Texas, United States
A86: Victoria's Secret | B86: Eau de Parfum | C86: 30.99 | D86: US $30.99/ea | E86: 10 | F86: More than 10 available / 302 sold | G86: 302 | H86: May 24, 2024 09:52:30 PDT | I86: Flat Lick, Kentucky, United States
A87: Kim Kardashian | B87: Eau de Perfume | C87: 16.63 | D87: US $16.63/ea | E87: 37 | F87: 37 available / 528 sold | G87: 528 | H87: May 14, 2024 12:55:23 PDT | I87: Dallas, Texas, United States
A88: Thierry Mugler | B88: Eau de Parfum | C88: 60 | D88: US $60.00 | E88: 10 | F88: More than 10 available / 256 sold | G88: 256 | H88: May 22, 2024 07:47:08 PDT | I88: Hamtramck, Michigan, United States
A89: Viktor & Rolf | B89: Eau de Parfum | C89: 42.99 | D89: US $42.99 | E89: 10 | F89: More than 10 available / 155 sold | G89: 155 | H89: Mar 25, 2024 07:47:16 PDT | I89: Miami, Florida, United States
A90: Gap | B90: Mist | C90: 19 | D90: US $19.00 | E90: 10 | F90: More than 10 available / 35 sold | G90: 35 | I90: Hamtramck, Michigan, United States
A91: Cacharel | B91: Eau de Toilette | C91: 25.27 | D91: US $25.27/ea | E91: 106 | F91: 106 available / 539 sold | G91: 539 | H91: May 21, 2024 09:40:08 PDT | I91: Dallas, Texas, United States
A92: Dolce&Gabbana | B92: Eau de Toilette, Spray | C92: 29.9 | D92: US $29.90/ea | E92: 10 | F92: More than 10 available / 327 sold | G92: 327 | H92: May 24, 2024 10:40:07 PDT | I92: Walled Lake, Michigan, United States
A93: Jessica McClintock | B93: Eau de Parfum | C93: 20.93 | D93: US $20.93/ea | F93: Limited quantity available / 1,484 sold | G93: 1484 | H93: May 19, 2024 20:52:45 PDT | I93: Hackensack, New Jersey, United States
A94: AS SHOWN | B94: Eau de Toilette | C94: 30.98 | D94: US $30.98 | E94: 10 | F94: 10 available / 12 sold | G94: 12 | H94: May 24, 2024 06:30:49 PDT | I94: CA, China
A95: Versace | B95: Eau de Toilette | C95: 41.5 | D95: US $41.50/ea | E95: 3 | F95: 3 available / 255 sold | G95: 255 | H95: May 24, 2024 01:02:37 PDT | I95: San Jose, California, United States
A96: Kilian | B96: Eau de Parfum | C96: 64.99 | D96: US $64.99/ea | E96: 5 | F96: 5 available / 4 sold | G96: 4 | H96: May 19, 2024 18:49:34 PDT | I96: New Jersey,United States, Hong Kong
A97: Ariana Grande | B97: Eau de Parfum | C97: 29.99 | D97: US $29.99/ea | E97: 9 | F97: 9 available / 57 sold | G97: 57 | H97: May 22, 2024 08:29:28 PDT | I97: Dearborn Heights, Michigan, United States
A98: Marc Jacobs | B98: Eau de Toilette | C98: 30.79 | D98: US $30.79 | E98: 3 | F98: 3 available / 493 sold | G98: 493 | H98: May 23, 2024 19:51:45 PDT | I98: Jamaica, New York, United States
A99: Yves Saint Laurent | B99: Eau de Parfum | C99: 39.99 | D99: US $39.99/ea | E99: 10 | F99: 10 available / 66 sold | G99: 66 | H99: May 21, 2024 10:04:56 PDT | I99: Saint Clair Shores, Michigan, United States
A100: Clinique | B100: Perfume | C100: 21.27 | D100: US $21.27 | E100: 2 | F100: 2 available / 61 sold | G100: 61 | H100: May 09, 2024 20:50:21 PDT | I100: CA, United States
A101: Unbranded | B101: / | C101: 15.89 | D101: US $15.89 | E101: 10 | F101: More than 10 available / 434 sold | G101: 434 | H101: May 24, 2024 06:56:49 PDT | I101: shanghai, China
A102: Valentino | B102: Perfume | C102: 10.99 | D102: US $10.99/ea | E102: 10 | F102: More than 10 available / 94 sold | G102: 94 | H102: May 08, 2024 15:45:55 PDT | I102: Katy, Texas, United States
A103: Giorgio Armani | B103: Eau de Parfum | C103: 37.88 | D103: US $37.88/ea | E103: 8 | F103: 8 available / 108 sold | G103: 108 | H103: May 24, 2024 00:00:36 PDT | I103: College Point, New York, United States
A104: Dolce&Gabbana | B104: Eau de Toilette | C104: 30.95 | D104: US $30.95/ea | E104: 8 | F104: 8 available / 245 sold | G104: 245 | H104: May 24, 2024 05:48:01 PDT | I104: Sterrett, Alabama, United States
A105: Jimmy Choo | B105: Eau de Toilette | C105: 25.23 | D105: US $25.23/ea | E105: 8 | F105: 8 available / 909 sold | G105: 909 | H105: May 23, 2024 12:50:15 PDT | I105: Dallas, Texas, United States
...
